database_id,scientificName,decimalLatitude,decimalLongitude,occurrenceID,verbatimEventDate,country,stateProvince,county,locality,coordinatePrecision,database_id,scientificName,decimalLatitude,decimalLongitude,occurrenceID,verbatimEventDate,database_id,scientificName,decimalLatitude,decimalLongitude,country,locality,database_id,scientificName,decimalLatitude,decimalLongitude,occurrenceID,basisOfRecord,verbatimEventDate,stateProvince,locality,identifiedBy,coordinateUncertaintyInMeters,coordinatePrecision,recordedBy,database_id,scientificName,decimalLatitude,decimalLongitude,occurrenceID,verbatimEventDate,country,stateProvince,county,locality,database_id,scientificName,decimalLatitude,decimalLongitude,occurrenceID,basisOfRecord,verbatimEventDate,country,stateProvince,county,locality,identifiedBy,coordinateUncertaintyInMeters,coordinatePrecision,recordedBy,database_id,scientificName,decimalLatitude,decimalLongitude,occurrenceID,country,locality,database_id,scientificName,decimalLatitude,decimalLongitude,occurrenceID,basisOfRecord,verbatimEventDate,country,stateProvince,locality,identifiedBy,coordinateUncertaintyInMeters,database_id,scientificName,decimalLatitude,decimalLongitude,occurrenceID,basisOfRecord,verbatimEventDate,country,stateProvince,county,locality,identifiedBy,coordinatePrecision,recordedBy
AT_EPIPHYTES_0,Tillandsia tenuifolia,-25.521863,-51.416667,E8802,2003.0,Brazil,PARANA,GUARAPUAVA,Rio Sao Jeronimo,Forest fragment,BIEN_0,Solanum paniculatum,-7.135306,-38.601472,786,2010-08-25,DRYFLOR_0,Miconia minutiflora (Bonpl.) DC.,-20.844999313354,-44.91609954834,Brazil,"Santo Antônio do Amparo, floresta semidecidual",GBIF_0,Iryanthera sagotiana Warb.,-10.8339,-52.8731,1228373235,PRESERVED_SPECIMEN,,,,,nan,nan,,ICMBIO_0,Chamaecrista incana (Vogel) H.S.Irwin & Barneby,-25.3830556,-51.5111111,RB01034852,10/12/2013,Brasil,Paraná,Guarapuava,"Rodovia BR-277, Campo em frente a concessionária Valtra-Shark.",IDIGBIO_0,Arthrocardia gardineri,nan,nan,3db83402-7892-4ede-b87e-bd6f18941f03,PreservedSpecimen,,Brasil,Espírito Santo,,,,nan,nan,"Kanagawa, AI",NEOTROPTREE_0,Amaioua guianensis,-8.72444444444444,-35.1752777777778,AtlPE022,Brasil,"Tamandaré, Saltinho, floresta pluvial",SIBBR_0,Dryopteris,nan,nan,163ea702-1a6e-473c-ad89-4948fc2758fd,PreservedSpecimen,1930.0,,,,C; Chr,nan,SPECIESLINK_0,Randia armata,-19.696944,-39.931944,46966.0,S,nan,Brasil,Espírito Santo,nan,"Reserva de Comboios, próximo à reserva indígena. Ponto de amostragem 8.",nan,nan,"Firmino, A.D.; Valadares, R.T."
AT_EPIPHYTES_1,Peperomia obtusifolia,-14.65972,-39.14972,635992,2015.0,Brazil,BAHIA,ILHEUS,,Coordinates given in the herbarium record,BIEN_1,Tetrapterys crispa,-0.95,-49.8,1758,1987-11-04,DRYFLOR_1,Zanthoxylum rhoifolium Lam.,-8.1581001281738,-35.753898620605,Brazil,"Bezerros, floresta semidecidual de brejo",GBIF_1,Callisia filiformis (M.Martens & Galeotti) D.R.Hunt,nan,nan,1978411156,PRESERVED_SPECIMEN,2007-03-30T00:00:00Z,Bahia,Reserva Legal de Rodelas,"Barreto, R.",nan,nan,"Oliveira, M.; Cavalcanti, A. & Pessoa, L.",ICMBIO_1,Tridax procumbens L.,-12.2630556,-38.0416666,RB01357838,09/03/2016,Brasil,Bahia,Itanagra,Conglomerado BA__E-1-1-HE,IDIGBIO_1,Sida galheirensis Ulbr.,nan,nan,bfeb6da3-2676-49df-9cc0-63bc9b439b98,PreservedSpecimen,18/04/1971,Brasil,Pernambuco,,Arredores da cidade.,M.G. Bovini,nan,nan,Academia Brasileira de Ciências,NEOTROPTREE_1,Matayba intermedia,-22.9294444444444,-42.9794444444444,AtlRJ033,Brasil,"Niterói, Serra da Tiririca, floresta pluvial",SIBBR_1,Lamiaceae,nan,nan,c6723db8-f11e-4b3d-80b0-9b25312ef606,PreservedSpecimen,nan,Brazil,,,,nan,SPECIESLINK_1,Myrcia decorticans,0.0,0.0,127977.0,PreservedSpecimen,nan,Brasil,Alagoas,nan,Usina Corurioe - Fazenda Capiatã A - Bloco Goiabeia.,nan,nan,"Machado, M.A.B.L."
AT_EPIPHYTES_2,Tillandsia recurvata,-21.746667,-43.354722,E1617,2016.0,Brazil,MATO GROSSO DO SUL,JUIZ DE FORA,Praca Mariano Procopio,50,BIEN_2,Clusia microstemon,0.283333,-68.466667,2075,,DRYFLOR_2,Ocotea velutina (Nees) Rohwer,-21.132499694824,-44.709400177002,Brazil,"Ibituruna, floresta semidecidual",GBIF_2,Margaritopsis cephalantha (Müll.Arg.) C.M.Taylor,nan,nan,1702828595,PRESERVED_SPECIMEN,1975-01-17T00:00:00Z,Espírito Santo,"Mun. de Linhares, Reserva Florestal da Companhia Vale do Rio Doce, S.A. Mata de tabuleiro, so longo da picada 162",,nan,nan,A. L. Peixoto & O. L. Peixoto,ICMBIO_2,Peperomia tetraphylla (G.Forst.) Hook. & Arn.,-20.9386111,-41.5444444,RB00821048,08/08/2013,Brasil,Espírito Santo,Mimoso do Sul,"Córrego do Jardim. Floresta de Pseudobombax, Nyctaginaceae, bromélias e aráceas, com tapete de musgos, sobre afloramento rochoso.",IDIGBIO_2,Holocheilus brasiliensis (L.) Cabrera,nan,nan,e600439c-01d6-4aa3-8875-92e2dfa01a0f,preservedspecimen,1901-11-12,Brazil,Rio Grande do Sul,,Plantae Itineris Regnelliani IIdi Brasiliae civit. Rio Grande do Sul: Povo Novo pr. Pelotas,,nan,nan,Gust. O. A:n Malme,NEOTROPTREE_2,Pagamea coriacea,-0.145833333333333,-66.9733333333333,AmzAM103,Brasil,"Itacoatiara-Mirim, nanofloresta de areias brancas",SIBBR_2,Erythrina,nan,nan,35332ca6-417d-40fe-825b-19c3071e9b22,PreservedSpecimen,1989.0,Brazil,,"Chiapas. Mun. Tuxtla Gutierrez Em El Carmen, 13km al SW de Tuxtla Gtz.","Soto, J.C.",nan,SPECIESLINK_2,Senecio subarnicoides,0.0,0.0,3381603.0,PreservedSpecimen,nan,Brazil,Santa Catarina,nan,Serra do Quiriri (Mun. Campo Alegre),nan,nan,"J. M. Silva, O. S. Ribas, J. Cordeiro & E. L. Barbosa"
AT_EPIPHYTES_3,Vriesea flammea,-23.35,-44.858333,E0272,2011.0,Brazil,SAO PAULO,UBATUBA,Parque Estadual da Serra do Mar-Nucleo Picinguaba,Forest fragment,BIEN_3,,-9.272222,-64.482778,2756,2011-03-26,DRYFLOR_3,Sweetia fruticosa Spreng.,-18.089000701904,-45.182998657227,Brazil,"Três Marias, floresta decidual",GBIF_3,Erythroxylum cuspidifolium Mart.,-13.936944,-39.424444,1944976406,PRESERVED_SPECIMEN,2013-03-28T00:00:00Z,Bahia,"Fazenda Paineiras, BR 116, KM 390",Sem Informação,nan,nan,T. Araújo,ICMBIO_3,Oxalis psoraleoides ssp. insipida (A.St.-Hil.) Lourteig,-9.6783334,-36.9844444,RB00534750,14/11/2000,Brasil,Alagoas,Jaramataia,"Serra das Mãos, próximo à Vila Campestre e ao riacho Ribeira.",IDIGBIO_3,Solanum decompositiflorum,nan,nan,b1fb4bdc-e7e3-4266-8b7e-ebaf59dff76c,PreservedSpecimen,,Brasil,Distrito Federal,,"Fazenda Sucupira, mata próxima dos experimentos do. Mata de galeria. Relevo levemente inclinado. Solo com boa camada d eserrapilheira","Gouvêa, YF",nan,nan,"Santos, AA; Pereira, JB; Oliveira, RC; Alves, AF; Carvalho-Silva, M",NEOTROPTREE_3,Senna velutina,-13.405,-55.5744444444444,CerMT027,Brasil,"Lucas do Rio Verde, cerrado",SIBBR_3,Symplocos celastrinea,nan,nan,a4333dbe-a83c-409f-a536-bd7486a09915,PreservedSpecimen,2001.0,Brasil,,,"Aranha, J.L.M.",nan,SPECIESLINK_3,Baccharis polyphylla,-13.55,-41.95,2851678.0,PreservedSpecimen,nan,Brazil,Bahia,nan,Brazil: Estado da Bahia. Serra das Almas. Middle and upper N.E. slopes of the Pico das Almas ca. 25km. W.N.W. of the Vila do Rio de Contas,nan,nan,"R. M. Harley, S. Mayo, R. M. Storr, T. S. Santos & R. S. Pinheiro"
AT_EPIPHYTES_4,Lankesterella ceracifolia,-28.1667,-49.4,17541,2009.0,Brazil,SANTA CATARINA,ORLEANS,Rio Minador,Municipality,BIEN_4,Machaerium fulvovenosum,-20.848889,-41.1125,1307,2008-10-10,DRYFLOR_4,Bauhinia cheilantha (Bong.) Steud.,-15.003100395203,-43.900299072266,Brazil,"Matias Cardoso, Cajueiro, caatinga arbórea",GBIF_4,Ocotea lanceolata Nees,-13.48333,-41.81667,439130715,PRESERVED_SPECIMEN,1977-02-24T00:00:00Z,Bahia,,,nan,nan,"Harley, R.M.|Santos, T.S.|Pinheiro, R.S.|Mayo, S.J.|Storr, R.M.",ICMBIO_4,Xyris mucujensis Kral & L.B.Sm.,-13.0,-41.4,RB00636898,25/07/1979,Brasil,Bahia,Mucugê,"3km ao S de Mucugê, na estrada para Jussiape.",IDIGBIO_4,Coussarea acrensis C.M. Taylor,-10.0666667,-67.5666667,7e4df881-f532-4818-8d26-37984e804c5d,PreservedSpecimen,,Brazil,Acre,,"Senador Guiomard; Fazenda Experimental Catauba, 27km from RIo Branco on road BR-364 to Porto Velho","C.M. Taylor, Paratype",nan,nan,Piero G. Delprete|M. Oliveira,NEOTROPTREE_4,Myrsine umbellata,-23.8686111111111,-53.8466666666667,AtlPR129,Brasil,"Altônia, floresta semidecídua",SIBBR_4,Polypodium hirsutissimum,nan,nan,a1998531-ab55-495b-bcd1-38aebbd8916c,PreservedSpecimen,1993.0,,,Ò_x0002_,"Kazmirczak, C",nan,SPECIESLINK_4,Undesignated undesignated,-15.26472,-40.57472,3395923.0,PreservedSpecimen,nan,Brazil,Bahia,nan,"""Itambé: 37.5 west of itapetinga on BR 415 to Itambé. Semi-deciduous \""vine\"" forst (Mata de Cipó) with arborescent cacti.""",nan,nan,Thomas
AT_EPIPHYTES_5,Vriesea psittacina,-15.133333,-38.333333,E32704,nan,Brazil,BAHIA,UNA,"Serra Javi. 9Km ao S Sao Jose -Km 550-; 5.5Km a E BR-101, p/ Faz. Cascavel.",Coordinates given in the herbarium record,BIEN_5,,-20.026667,-40.492222,3510,2007-11-30,DRYFLOR_5,Senna pendula (Willd.) H.S.Irwin & Barneby,-21.568899154663,-50.739700317383,Brazil,"Salmourão, floresta semidecidual",GBIF_5,Qualea cryptantha var. marginata (Miq.) Stafleu,nan,nan,1090419761,PRESERVED_SPECIMEN,1979-12-23T00:00:00Z,Bahia,"Velha estrada entre Andaraí e Mucugê via Igatú, a 2Km ao S de Igatú.",M. Lisboa,nan,nan,S. A. Mori,ICMBIO_5,Groenbladia,-15.733889,-47.928611,43135,31/05/2009,Brasil,DF,Brasilia,Parque Nacional De Brasília,IDIGBIO_5,Stenocline chionaea,nan,nan,30acef7a-5fe5-4092-9b0d-455ec24d02eb,PreservedSpecimen,,Brazil,Minas Gerais,,"Serra do Cipó Km 108-109, Rodovia, Cerro.",,nan,nan,"Lewinsohn, TM; Martins, RP",NEOTROPTREE_5,Compsoneura ulei,-8.13777777777778,-63.6194444444444,AmzRO032,Brasil,"Porto Velho, Calama, savana arborizada brejosa",SIBBR_5,Piptadenia gonoacantha,nan,nan,10d02587-02e0-4c85-9ba0-648447519d25,PreservedSpecimen,2004.0,,,"Reservatório de Miranda, Cerca de 20 km do centro de Uberlândia.",,nan,SPECIESLINK_5,Ocotea pulchella,0.0,0.0,nan,S,nan,Brasil,Rio Grande do Sul,nan,Limeira- São José da Porteirinha,nan,nan,"Alvarez, A.F."
AT_EPIPHYTES_6,Nidularium innocentii,-26.1833,-49.0333,20521,2009.0,Brazil,SANTA CATARINA,JOINVILLE,Serra Dona Francisca,Municipality,BIEN_6,Byrsonima sericea,-15.181944,-45.769722,3012,1997-12-05,DRYFLOR_6,Cecropia hololeuca Miq.,-17.83219909668,-40.280799865723,Brazil,"Nanuque, floresta semidecidual",GBIF_6,Mollinedia clavigera Tul.,nan,nan,1853941450,PRESERVED_SPECIMEN,2014-08-18T00:00:00Z,Paraná,Parque do Cinquentenário.,C.Miranda,nan,nan,C.Miranda,ICMBIO_6,Byrsonima crispa,-16.504,-39.255,604662,14/10/2009,Brasil,BA,,Parque Nacional Do Pau Brasil,IDIGBIO_6,Paspalum eucomum Nees ex Trin.,nan,nan,dba43752-a729-4d31-a9e2-59b9699a1bff,PreservedSpecimen,,Brazil,Minas Gerais,,"Serra do Cipó (110km Northeast of Bello Horizonte), Minas Gerais. Stony campo between Lagoa Santa",Morrone & Zuloaga,nan,nan,Agnes Chase,NEOTROPTREE_6,Cyathea corcovadensis,-23.8136111111111,-45.4675,AtlSP016,Brasil,"São Sebastião, floresta pluvial",SIBBR_6,Cnidoscolus vitifolius,-6965.0,-41678331.0,c465ad70-0931-4947-b89c-11ef98107957,PreservedSpecimen,2009.0,,,Água Mineral Manaíra,,nan,SPECIESLINK_6,Ocotea lobbii,0.0,0.0,15479.0,S,nan,Brasil,Espírito Santo,nan,Setiba.,nan,nan,"Fabris, L.C."
AT_EPIPHYTES_7,Acianthera serpentula,-25.5839,-49.6356,E23503,nan,Brazil,PARANA,BALSA NOVA,Base da Serra de Sao Luiz do Puruna,Coordinates given in the herbarium record,BIEN_7,Euphorbia appariciana,nan,nan,971,1996-07-05,DRYFLOR_7,Cordia glabrata (Mart.) A.DC.,-14.982199668884,-43.52140045166,Brazil,"Matias Cardoso, Gado Bravo, caatinga arbórea",GBIF_7,Acisanthera variabilis Triana,nan,nan,1089063026,PRESERVED_SPECIMEN,1997-05-21T00:00:00Z,Minas Gerais,Estrada de acesso à Fazenda Hotel Serra das Bicas.,,nan,nan,"Matsumoto, K; Faria, AD; Lopes, CA; Jannini, AW; Simões, AO; Singer, RB",ICMBIO_7,Paspalum multicaule Poir.,-12.9,-51.8666667,RB00525311,26/06/1968,Brasil,Mato Grosso,,"Base Camp of the Expedition, ca. 270 km N of Xavantina on the Xavantina - São Félix road.",IDIGBIO_7,,-9.566469,-36.422006,e1ed3ca5-6470-45e4-a760-bd7e09cca153,PreservedSpecimen,,Brasil,Alagoas,,RPPN Santa Fé.,,nan,nan,M.C.S.Mota,NEOTROPTREE_7,Myrciaria dubia,-3.28388888888889,-59.4844444444444,AmzAM223,Brasil,"Careiro da Várzea, Paraná do Autaz-Mirim, floresta inundável de água negra",SIBBR_7,Pontederiaceae,nan,nan,c0672dd8-a417-4e52-b350-82b083c2e2b2,PreservedSpecimen,nan,,,Province de Saint Paul,Saint-Hilaire,nan,SPECIESLINK_7,Aristolochia arcuata,0.0,0.0,88280.0,S,nan,Brasil,São Paulo,nan,,nan,nan,"Lopes, L.M.X."
AT_EPIPHYTES_8,Peperomia quadrifolia,-26.46,-49.41,E18657,nan,Brazil,SANTA CATARINA,CORUPA,Palmeiras II,Coordinates given in the herbarium record,BIEN_8,Cordia nodosa,-9.95,-57.1,2979,1985-09-30,DRYFLOR_8,Cynophalla flexuosa (L.) J.Presl,-22.783100128174,-53.530300140381,Brazil,"Anaurilândia, floresta semidecidual",GBIF_8,Croton nepetifolius Baill.,-8.507242,-37.355059,1302836168,HUMAN_OBSERVATION,,,catimbau,,nan,nan,,ICMBIO_8,Solanum megalochiton Mart.,-19.3513889,-40.5480555,RB00780705,19/04/2013,Brasil,Espírito Santo,Marilândia,"Localidade de Alto Liberdade. Pedra do Cruzeiro, Floresta alterada ao longo da escadaria para o topo do inselbergue.",IDIGBIO_8,Miconia minutiflora,nan,nan,bfe7a023-80a5-4f09-87b7-5119274dac2b,PreservedSpecimen,,Brasil,Minas Gerais,,"Estrada para Mata da Zilda, Estação Ambiental Galheiro","Romero, R",nan,nan,"Mendes, S",NEOTROPTREE_8,Alchornea triplinervia,-24.5705555555556,-48.6163888888889,AtlSP032,Brasil,"Iporanga, floresta pluvial",SIBBR_8,Gonolobus hatschbachii,nan,nan,619e3df7-1b27-4b26-a5f4-799691ce0286,PreservedSpecimen,1959.0,Brazil,,"Municipio Cerro Azul, Morro Grande, Da Mata da ecosta dos Morros",,nan,SPECIESLINK_8,Sematophyllum galipense,-13.279722,-41.903889,84295.0,PreservedSpecimen,nan,Brasil,Bahia,nan,Serra do Barbado. Catolés,nan,nan,"Bastos, C"
AT_EPIPHYTES_9,Peperomia circinnata,-23.7869,-54.2836,E16998,nan,Brazil,MATO GROSSO DO SUL,ELDORADO,,Coordinates given in the herbarium record,BIEN_9,Dorstenia turnerifolia,-15.158056,-39.528611,2724,,DRYFLOR_9,Manihot caerulescens Pohl,-10.185799598694,-40.259201049805,Brazil,"Jaguarari, floresta areno-rupícola",GBIF_9,Pontederia lanceolata Nutt.,nan,nan,1095416254,PRESERVED_SPECIMEN,,Santa Catarina,Encruzilhada,"Castellanos, A.",nan,nan,"Klein, R.",ICMBIO_9,Leiothrix curvifolia (Bong.) Ruhland,-18.9625,-43.7419444,RB00604869,24/11/2009,Brasil,Minas Gerais,Santana de Pirapama,"Serra do Cipó, Capela de São José, Trilha da Senhorinha, caminho a Congonhas do Norte.",IDIGBIO_9,Peltophorum dubium (Spreng.) Taub.,nan,nan,a9533fe0-b92d-4375-9835-961ae798d4c4,PreservedSpecimen,2004-04-30,Brazil,Rio de Janeiro,Araruama,Morro das Canelas,,nan,nan,R. D. Ribeiro,NEOTROPTREE_9,Dahlstedtia muehlbergiana,-21.07,-47.4361111111111,AtlSP161,Brasil,"Gruta do Itambé, floresta semidecídua",SIBBR_9,Plantae,-23.213774,-46.361428,ad73d33b-4f47-445a-bc84-bcc8397552d6,HumanObservation,2013.0,,,,,nan,SPECIESLINK_9,Parthenium hysterophorus,-21.7944,-48.1756,20032.0,S,nan,Brasil,São Paulo,nan,,nan,nan,H.F. Leitão Filho & C. Aranha
AT_EPIPHYTES_10,Microgramma squamulosa,-25.666271,-49.269229,E7552,2017.0,Brazil,PARANA,FAZENDA RIO GRANDE,Fazenda Experimental Gralha Azul 2,Forest fragment,BIEN_10,Phoradendron crassifolium,-23.62028,-45.40972,104,1961-05-20,DRYFLOR_10,Vitex polygama Cham.,-14.285300254822,-44.111099243164,Brazil,"Juvenília, caatinga arbórea",GBIF_10,Dalechampia stipulacea Müll.Arg.,-23.0297,-46.9753,1090557438,PRESERVED_SPECIMEN,1994-11-23T00:00:00Z,São Paulo,,R.A. Pereira-Silva,nan,nan,S.L. Jung-Mendaçolli; C.A.F. Pinto-Maglio; P.R.P. Andrade & A.M.C. Silva,ICMBIO_10,Chrysophyllum inornatum Mart.,-27.3344444,-49.9422222,RB01138574,10/11/2008,Brasil,Santa Catarina,Pouso Redondo,Corruchel.,IDIGBIO_10,Crotalaria,-23.416667,-51.95,01bdd102-de56-4b29-9631-57dbf0eb4df4,PreservedSpecimen,,Brasil,Paraná,,"distrito de Iguatemi, Campus UEM, Fazenda Experime",,nan,nan,G.C.Mantovanelli; F.A.Rios,NEOTROPTREE_10,Copaifera coriacea,-10.1322222222222,-44.7119444444444,CerPI033,Brasil,"Parnaguá, cerradão mesotrófico",SIBBR_10,Serpocaulon latipes,nan,nan,3a156871-1899-4950-8727-1bc158082e36,PreservedSpecimen,1996.0,,Espírito Santo  es,"Reserva Florestal de Linhares, Estrada: Flamengo. Km 1,2.","Salino, A",nan,SPECIESLINK_10,Endlicheria paniculata,0.0,0.0,21981.0,S,nan,Brazil,Distrito Federal,nan,BR-251 após a cachoeirinha,nan,nan,"Heringer, EP; et al."
AT_EPIPHYTES_11,Vriesea gigantea,-29.6411,-50.4525,E0829,nan,Brazil,RIO GRANDE DO SUL,RIOZINHO,,Municipality,BIEN_11,Pagamea plicata,-10.605278,-46.285,3801,2007-09-21,DRYFLOR_11,Trichilia pallens C.DC.,-22.807500839233,-51.379199981689,Brazil,"Primeiro de Maio, floresta semidecidual",GBIF_11,Handroanthus albus (Cham.) Mattos,nan,nan,1316181641,PRESERVED_SPECIMEN,1978-07-05T00:00:00Z,São Paulo,Pedra Grande,"Semir, J",nan,nan,"Taroda, N",ICMBIO_11,Mimosa paludosa Benth.,-13.6,-41.8333333,RB00164077,27/03/1977,Brasil,Bahia,,"Between 2,5 and 5km S. of the Vila do Rio de Contas on side road to W. of the road to livramento, leading to the Rio Brumado.",IDIGBIO_11,Rudgea cornifolia (Kunth.) Standl.,nan,nan,87f72c1b-eefa-477c-9bc0-c90649f98f2a,preservedspecimen,1965-10-28,Brazil,Pará,,"Brazil. State of Pará. Road BR 22, Capanema to Maranhão. Banks of Rio Piria, north of Km. 90.",,nan,nan,G.T. Prance & T.D. Pennington,NEOTROPTREE_11,Miconia gratissima,-4.22111111111111,-63.1722222222222,AmzAM163,Brasil,"Coari, floresta pluvial de terra firme",SIBBR_11,Matayba elaeagnoides,-24.10056,-50.70694,587d1247-b4e8-4a13-b121-6717f7f86273,PreservedSpecimen,2011.0,,,H|_x0005_,"Bonaldi, R.A.",nan,SPECIESLINK_11,Jacaranda simplicifolia,-13.9584,-47.3578,748798.0,PreservedSpecimen,nan,Brazil,Goiás,nan,"Chapada dos Veadeiros, ca. 25 km by road N of Alto Paraíso",nan,nan,W. R. Anderson
AT_EPIPHYTES_12,Aechmea leptantha,-8.0022,-35.0183,E1518,nan,Brazil,PERNAMBUCO,SAO LOURENCO DA MATA,Sao Bento,Coordinates given in the herbarium record,BIEN_12,,-11.688333,-49.361111,3527,2012-01-01,DRYFLOR_12,Myrcia tomentosa (Aubl.) DC.,-11.218299865723,-45.402801513672,Brazil,"Formosa do Rio Preto, caatinga arbórea",GBIF_12,Daphnopsis sellowiana Taub.,nan,nan,1143421447,PRESERVED_SPECIMEN,2013-07-21T00:00:00Z,Paraná,,"Barboza, E",nan,nan,"Engels, M.E.",ICMBIO_12,Senegalia visco (Lorentz ex Griseb.) Seigler & Ebinger,-18.3055556,-64.1319445,RB01017117,13/08/2014,Bolívia,Santa Cruz,,~2km E of El Trigal on dirt track off road to Vallegrande.,IDIGBIO_12,Butia paraguayensis,nan,nan,f271405a-1354-4bdc-9f63-ef581824c9bc,PreservedSpecimen,,Brasil,São Paulo,,Fazenda Campininha.,,nan,nan,"Botânico, MP",NEOTROPTREE_12,Cabralea canjerana,-17.6558333333333,-46.3122222222222,CerMG068,Brasil,"João Pinheiro, floresta ripícola",SIBBR_12,Trichilia micrantha,nan,nan,a8cc67df-1c63-4830-9769-cb2ea5b6dbc6,PreservedSpecimen,1968.0,,,ìW,,nan,SPECIESLINK_12,Chamaesyce,-14.4525,-43.7533333,1195853.0,PreservedSpecimen,nan,Brazil,Bahia,nan,"Rod. para o Distr. de Cana Brava, 18 km S da sede municipal, 1.6 km do povoado de Serra de João Alves.",nan,nan,J. G. Jardim
AT_EPIPHYTES_13,Vriesea tijucana,-15.158634,-39.057151,359,2000.0,Brazil,BAHIA,UNA,Reserva Biologica de Una,20,BIEN_13,Galactia striata,-22.4947,-48.5581,1365,,DRYFLOR_13,Zanthoxylum riedelianum Engl.,-18.879400253296,-41.479698181152,Brazil,"São Geraldo do Baixio, floresta semidecidual",GBIF_13,Hillia parasitica Jacq.,-13.07,-41.37,912236353,PRESERVED_SPECIMEN,2002-02-15T00:00:00Z,,"Bahia, Mucage: Serra do Gobira. Mata do Grotao no alto do Gobira.",,nan,nan,"Harley, R. M. et al.",ICMBIO_13,Myrsine umbellata,-22.456917,-44.609611,909060,25/11/2014,Brasil,RJ,,Parque Nacional De Itatiaia,IDIGBIO_13,Mendoncia coccinea,nan,nan,154ea2f4-c94f-4316-8062-b6485507e317,PreservedSpecimen,,Brazil,Paraná,,"Ilha do Mel, Encantadas","Silva, S.M.",nan,nan,"Britez, R.M.",NEOTROPTREE_13,Solanum megalochiton,-14.835,-40.5547222222222,AtlBA099,Brasil,"Barra do Choça, floresta semidecídua",SIBBR_13,Sapium glandulosum,nan,nan,792bc66f-de36-4384-a449-717e084a55c6,PreservedSpecimen,1994.0,Brasil,,Socavão,V. Santos,nan,SPECIESLINK_13,Eriosema tacuaremboense,0.0,0.0,4144.0,PreservedSpecimen,nan,Brasil,Rio Grande do Sul,nan,,nan,nan,Flávio
AT_EPIPHYTES_14,Rhodospatha oblongata,-14.49,-39.1,E25916,nan,Brazil,BAHIA,URUCUCA,"Mun>. Urucuca, 9.4 KM. Serra do Conduru vertente E.",Coordinates given in the herbarium record,BIEN_14,Achyrocline alata,-20.448028,-52.906222,2258,2005-04-22,DRYFLOR_14,Handroanthus serratifolius (Vahl) S.O.Grose,-17.93390083313,-44.568298339844,Brazil,"Lassance, floresta ripícola",GBIF_14,Phyllanthus L.,nan,nan,1087021229,PRESERVED_SPECIMEN,1967-04-14T00:00:00Z,Amazonas,,,nan,nan,"Rodrigues, W. ; Coelho,N.",ICMBIO_14,Swartzia simplex var. continentalis Urb.,-20.2425,-42.0197223,RB00521071,10/12/2007,Brasil,Espírito Santo,Santa Leopoldina,"Cachoeira do Mochafongo, Sítio Mochafongo. Arbusto 5m, tronco castanho-escuro, beira da cachoeira, solo rochoso, local com alta incidência de sol.",IDIGBIO_14,Ocotea laxa (Nees) Mez,-25.4769,-48.8342,775655fa-be84-4db2-b9f1-ab1b93afed07,PreservedSpecimen,1971-01-19,Brazil,Paraná,Morretes,"Serra Marumbi, picada ao Olimpo",,30514.0,nan,G. G. Hatschbach,NEOTROPTREE_14,Machaerium acutifolium,-19.2183333333333,-49.1463888888889,CerMG240,Brasil,"Prata, cerrado",SIBBR_14,Desmodium leiocarpum,nan,nan,ebef8d85-72da-4c9a-8cea-dad5e23850fd,PreservedSpecimen,nan,Brazil,,"Occasional. Campo and gallery forest, Riberao Torto, near Sobradinho,",J. Grimes 90,nan,SPECIESLINK_14,Schrankia leptocarpa,0.0,0.0,448.0,PreservedSpecimen,nan,Brasil,Pernambuco,nan,,nan,nan,"Sarmento, A."
AT_EPIPHYTES_15,Anthurium gaudichaudianum,-29.342087,-49.68663,E0057,1992.0,Brazil,RIO GRANDE DO SUL,TORRES,Torres,Forest fragment,BIEN_15,Coccocypselum lanceolatum,-10.8339,-52.8731,3567,,DRYFLOR_15,Croton floribundus Spreng.,-22.500799179077,-46.642799377441,Brazil,"Lindóia, floresta semidecidual",GBIF_15,"Chresta pacourinoides (Mart. ex DC.) Loeuille, Siniscalchi & Pirani",-5.640583,-42.608306,1090954960,PRESERVED_SPECIMEN,2000-05-16T00:00:00Z,Piauí,Fazenda Saquinho,B. Leonille,nan,nan,R. Barros; R.R. Farias,ICMBIO_15,Tephrosia,-9.8497222,-52.4047222,RB00622100,11/03/2011,Brasil,Mato Grosso,São José do Xingu,"Fazenda Santa Filipina, a 20-40 km da Faz. Najá, zona de amortecimento do Parque Estadual do Xingu.",IDIGBIO_15,Solanum paniculatum L.,-11.0,-42.0,dcba12d7-0f73-46b1-8edd-21e72c0182e9,PreservedSpecimen,1980-04-19,Brazil,Bahia,,,RRC ID Flag,nan,nan,R. Harley,NEOTROPTREE_15,Agonandra brasiliensis,-20.1538888888889,-54.5611111111111,CerMS034,Brasil,"Jaraguari, cerradão mesotrófico",SIBBR_15,Conocliniopsis prasiifolia,-8.631128,-41.057183,066c5217-6e3b-4769-a1c4-eae3e7409798,,nan,Brazil,,,Rita Pereira,nan,SPECIESLINK_15,Salvia consimilis,0.0,0.0,58044.0,PreservedSpecimen,nan,Brasil,Santa Catarina,nan,Serra do Rio do Rastro.,nan,nan,"Funez, L.A.; Zermiani, A.E."
AT_EPIPHYTES_16,Maxillaria caparaoensis,-20.4333,-41.8683,E11997,nan,Brazil,MATO GROSSO DO SUL,ALTO CAPARAO,Serra do Caparao.,Coordinates given in the herbarium record,BIEN_16,,-21.849722,-46.720278,3527,1994-01-11,DRYFLOR_16,Protium spruceanum (Benth.) Engl.,-21.155300140381,-45.472801208496,Brazil,"Coqueiral, floresta semidecidual",GBIF_16,Mollinedia schottiana Perkins,nan,nan,1095482579,PRESERVED_SPECIMEN,1989-10-19T00:00:00Z,Paraná,"Estrada da Graciosa, próximo a Grota Funda","Peixoto, A.L.",nan,nan,"Hatschbach, G.; Nicolack, V.; Nicolack, V.",ICMBIO_16,Solanum stenandrum Sendtn.,-51.0,-41.3166667,RB00467865,12/02/1977,Brasil,Bahia,,"8 km South of Andarai on road to mucugê by bridge over small river, just North of turning to Itaeté.",IDIGBIO_16,Heteropterys rhopalifolia,nan,nan,0cbc91a0-d67e-4c12-8962-569312ba356f,PreservedSpecimen,,Brasil,Mato Grosso do Sul,,Reserva da área da Prefeitura.,C.Pessoa,nan,nan,"Snak, C.",NEOTROPTREE_16,Iriartea deltoidea,-2.82833333333333,-67.7961111111111,AmzAM285,Brasil,"Tonantins, floresta pluvial de terra firme",SIBBR_16,Araliaceae,nan,nan,b1fecef4-e181-45d7-b38f-bc5cad9e160c,PreservedSpecimen,1971.0,Brazil,,Rio Moa between Cachoeira Grande and Serra da Moa village,D. G. Frodin,nan,SPECIESLINK_16,Eucalyptus tereticornis,0.0,0.0,52773.0,PreservedSpecimen,nan,Brasil,SP,nan,,nan,nan,B.Lopes
AT_EPIPHYTES_17,Acianthera langeana,-28.47165,-49.981568,E2724,2014.0,Brazil,RIO GRANDE DO SUL,SAO JOSE DOS AUSENTES,Rio Pelotas,Forest fragment,BIEN_17,Oldenlandia filicaulis,-14.266667,-42.526111,2756,2006-01-10,DRYFLOR_17,Cestrum schlechtendalii G.Don,-14.148300170898,-47.531898498535,Brazil,"Ipameri, cerrado",GBIF_17,Physalis neesiana Sendtn.,nan,nan,1042546681,PRESERVED_SPECIMEN,,Paraná,Arredore. Clareiras da mata.,"Hatschbach, G.G.",nan,nan,Mike Hopkins,ICMBIO_17,Marcetia latifolia Naudin,-11.6333333,-41.0333333,RB00238744,30/05/1980,Brasil,Piauí,Morro do Chapéu do Piauí,"Rio do Ferro Doido, 19,5 km S.E. of Morro do Chapéu on the BA 052 highway to Mundo Novo, with water-worn.",IDIGBIO_17,Hieracium commersonii Monnier,nan,nan,23cc095f-8d3a-4155-9289-04ae8aae45a6,PreservedSpecimen,10/11/1951,Brasil,Paraná,,Rio do Salto.,Graziela,nan,nan,G.Hatschbach,NEOTROPTREE_17,Cordia trichotoma,-17.0736111111111,-43.7672222222222,CerMG114,Brasil,"Bocaiúva, floresta decídua",SIBBR_17,Chamaecrista flexuosa,nan,nan,c5f2e01a-927b-4848-b389-cbe966306ddc,PreservedSpecimen,nan,Brazil,,,,nan,SPECIESLINK_17,Steinchisma,0.0,0.0,127062.0,S,nan,Brasil,SC,nan,BR 470 2km de acesso a Abdon Batista,nan,nan,"Longhi-Wagner, HM"
AT_EPIPHYTES_18,Pleopeltis monoides,-22.43083,-42.74306,540781,2010.0,Brazil,RIO DE JANEIRO,CACHOEIRAS DE MACACU,,Coordinates given in the herbarium record,BIEN_18,Bauhinia brevipes,-12.871667,-46.97,1928,2009-06-29,DRYFLOR_18,Salvertia convallariodora A.St.-Hil.,-5.3179998397827,-41.51900100708,Brazil,"Castelo do Piaui, cerradao mesotrofico",GBIF_18,Ternstroemia carnosa Cambess.,nan,nan,1090420023,PRESERVED_SPECIMEN,1979-12-22T00:00:00Z,Bahia,"A 3Km ao S de Mucugê, na estrada que vai para Jussiape.",W. São Mateus,nan,nan,S. A. Mori,ICMBIO_18,Clusia nemorosa G.Mey.,-8.28,-34.9541667,RB00574427,24/08/2007,Brasil,Pernambuco,Cabo de Santo Agostinho,"Itapuama, engenho Camaçari.",IDIGBIO_18,Clidemia epiphytica (Triana) Cogn.,-4.696879,-69.5048332,d41300b6-eb71-4a99-bdfe-717c093616b1,PreservedSpecimen,1936-09-11/1936-10-26,Brazil,Amazonas,São Paulo de Olivença,Near Palmares. Basin of Rio Solimoes.,F. A. Michelangeli,201650.0,nan,B. A. Krukoff,NEOTROPTREE_18,Nectandra amazonum,-3.13305555555556,-60.8969444444444,AmzAM220,Brasil,"Lago Manacapuru, floresta inundável de água negra",SIBBR_18,Ficus,nan,nan,369db793-3db2-419a-a1de-a298f20e77b0,,nan,Brazil,,Brasil.,,nan,SPECIESLINK_18,Justicia brasiliana,-26.361184,-49.273742,468.0,MachineObservation,nan,Brasil,Santa Catarina,nan,"Rio Natal - Beira de estrada, sentido Corupá",nan,nan,"Schwirkowski, P."
AT_EPIPHYTES_19,Hymenophyllum fragile,-25.05,-49.8,444521,2003.0,Brazil,PARANA,CASTRO,,Coordinates given in the herbarium record,BIEN_19,Paspalum guttatum,-11.688056,-47.7025,3120,2014-11-20,DRYFLOR_19,Machaerium villosum Vogel,-15.964200019836,-47.94580078125,Brazil,"Fazenda Água Limpa, floresta ripícola",GBIF_19,Serjania laruotteana Cambess.,nan,nan,188385220,PRESERVED_SPECIMEN,2002-03-17T00:00:00Z,Rio Grande do Sul,Sao Francisco de Paula. Estrada,P.Acevedo,nan,nan,R.Wasum,ICMBIO_19,Bertholletia excelsa,-10.855507,-68.700395,458788,31/03/2013,Brasil,AC,,Reserva Extrativista Chico Mendes,IDIGBIO_19,Chaptalia integerrima,nan,nan,3424cbc2-f52c-41d7-8a89-3f34b79603b0,PreservedSpecimen,,Brasil,RS,,Ijuisinho,Emrich-Rambo,nan,nan,"Rambo, B.",NEOTROPTREE_19,Byrsonima blanchetiana,-10.1394444444444,-39.83,CaaBA019,Brasil,"Andorinha, caatinga quartzítica",SIBBR_19,Podostemaceae,nan,nan,2f80860f-db79-4be1-b41c-dde5dea51fac,PreservedSpecimen,1980.0,Brazil,,Cachoeira Porteira,C. T. Philbrick,nan,SPECIESLINK_19,Cranichis scripta,0.0,0.0,nan,PreservedSpecimen,nan,Brazil,Distrito Federal,nan,,nan,nan,L. B. Smith
